"File Name","Rule Name","Before Fix","After Fix"
"soql.cls","SystemDebugValidation","        while(true)System.debug(a);","        while(true)"
"soql.cls","SystemDebugValidation","        while(true) System.debug(a);","        while(true) "
"soql.cls","SystemDebugValidation","        while (true) System.debug(a);","        while (true) "
"soql.cls","AvoidHardcordedString","                LocaleSidKey = 'en_US'","                LocaleSidKey = EN_US"
"soql.cls","AvoidHardcordedString","                ProfileId = [SELECT Id FROM Profile WHERE Name = 'System Administrator'].Id,","                ProfileId = [SELECT Id FROM Profile WHERE Name = :SYSTEM_ADMINISTRATOR].Id,"
"soql.cls","AvoidHardcordedString","                FirstName = 'EVENT',","                FirstName = EVENT,"
"soql.cls","AvoidHardcordedString","                LastName = 'QUEUE',","                LastName = QUEUE,"
"soql.cls","AvoidHardcordedString","                Email = 'user000@amamama.com',","                Email = USER000AMAMAMACOM,"
"soql.cls","AvoidHardcordedString","                Username = 'user000@amamama.com' + System.currentTimeMillis(),","                Username = USER000AMAMAMACOM + System.currentTimeMillis(),"
"soql.cls","AvoidHardcordedString","                CompanyName = 'TEST',","                CompanyName = CLASS_CONST_VARIABLE_TEST,"
"soql.cls","AvoidHardcordedString","                Title = 'title',","                Title = CONST_TITLE,"
"soql.cls","AvoidHardcordedString","                Alias = 'alias',","                Alias = CONST_ALIAS,"
"soql.cls","AvoidHardcordedString","                TimeZoneSidKey = 'America/Los_Angeles',","                TimeZoneSidKey = AMERICALOS_ANGELES,"
"soql.cls","AvoidHardcordedString","                EmailEncodingKey = 'UTF-8',","                EmailEncodingKey = UTF8,"
"soql.cls","AvoidHardcordedString","                LanguageLocaleKey = 'en_US',","                LanguageLocaleKey = EN_US,"
