"File Name","Rule Name","Before Fix","After Fix"
"AccountManager.cls","SystemDebugValidation","        System.debug(LoggingLevel.DEBUG, '');","        //System.debug(LoggingLevel.DEBUG, '');"
"AccountManager.cls","SystemDebugValidation","        System.debug(LoggingLevel.DEBUG, '');","        //System.debug(LoggingLevel.DEBUG, '');"
"AccountManager.cls","SystemDebugValidation","        System.debug(LoggingLevel.DEBUG, '');","        //System.debug(LoggingLevel.DEBUG, '');"
"AccountManager.cls","SystemDebugValidation","        System.debug(LoggingLevel.DEBUG, '');","        //System.debug(LoggingLevel.DEBUG, '');"
"AccountManager.cls","SystemDebugValidation","        System.debug(LoggingLevel.DEBUG, '');","        //System.debug(LoggingLevel.DEBUG, '');"
"AccountManager.cls","SystemDebugValidation","        System.debug(LoggingLevel.DEBUG, '');","        //System.debug(LoggingLevel.DEBUG, '');"
"AccountManager.cls","SystemDebugValidation","        System.debug(LoggingLevel.DEBUG, '');","        //System.debug(LoggingLevel.DEBUG, '');"
"AccountManager.cls","SystemDebugValidation","        System.debug(LoggingLevel.DEBUG, '');","        //System.debug(LoggingLevel.DEBUG, '');"
