<?xml version="1.0" encoding="UTF-8"?>
<project xmlns="http://maven.apache.org/POM/4.0.0" xmlns:xsi="http://www.w3.org/2001/XMLSchema-instance" xsi:schemaLocation="http://maven.apache.org/POM/4.0.0 http://maven.apache.org/maven-v4_0_0.xsd">
  <modelVersion>4.0.0</modelVersion>
  <groupId>PMDTool</groupId>
  <artifactId>PMDTool</artifactId>
  <name>FR Rules Automation</name>
  <version>0.0.1-SNAPSHOT</version>
  <description>Will do validation based on rules and create a new file with correction</description>
  <build>
    <sourceDirectory>src</sourceDirectory>
    <resources>
      <resource>
        <directory>src/resource</directory>
        <includes>
          <include>**/*</include>
        </includes>
      </resource>
    </resources>
    <plugins>
      <plugin>
        <artifactId>maven-compiler-plugin</artifactId>
        <version>3.5.1</version>
        <configuration>
          <source>1.8</source>
          <target>1.8</target>
        </configuration>
      </plugin>
      <plugin>
        <artifactId>maven-shade-plugin</artifactId>
        <version>3.1.0</version>
        <executions>
          <execution>
            <phase>package</phase>
            <goals>
              <goal>shade</goal>
            </goals>
            <configuration>
              <filters>
                <filter>
                  <artifact>*:*</artifact>
                  <excludes>
                    <exclude>META-INF/versions/**</exclude>
                  </excludes>
                </filter>
              </filters>
            </configuration>
          </execution>
        </executions>
      </plugin>
      <plugin>
        <artifactId>maven-assembly-plugin</artifactId>
        <executions>
          <execution>
            <phase>package</phase>
            <goals>
              <goal>single</goal>
            </goals>
            <configuration>
              <finalName>${finalname}</finalName>
              <archive>
                <manifest>
                  <mainClass>org.autofix.main.AutoFixUtilMain</mainClass>
                </manifest>
              </archive>
              <descriptorRefs>
                <descriptorRef>jar-with-dependencies</descriptorRef>
              </descriptorRefs>
              <appendAssemblyId>false</appendAssemblyId>
            </configuration>
          </execution>
        </executions>
      </plugin>
      <plugin>
        <artifactId>maven-antrun-plugin</artifactId>
        <version>1.8</version>
        <executions>
          <execution>
            <phase>package</phase>
            <goals>
              <goal>run</goal>
            </goals>
            <configuration>
              <target>
                <property />
                <echo />
                <taskdef />
                <yguard>
                  <inoutpair />
                  <rename>
                    <keep>
                      <method />
                      <class>
                        <patternset>
                          <include />
                          <include />
                          <include />
                          <include />
                          <include />
                          <include />
                          <include />
                          <include />
                          <include />
                          <include />
                          <include />
                          <include />
                          <include />
                          <include />
                          <include />
                          <include />
                          <include />
                          <include />
                          <include />
                          <include />
                          <include />
                          <include />
                          <include />
                          <include />
                          <include />
                        </patternset>
                      </class>
                      <package>
                        <patternset>
                          <include />
                          <include />
                          <include />
                          <include />
                          <include />
                          <include />
                          <include />
                          <include />
                          <include />
                          <include />
                          <include />
                          <include />
                          <include />
                          <include />
                          <include />
                          <include />
                          <include />
                          <include />
                          <include />
                          <include />
                          <include />
                          <include />
                          <include />
                        </patternset>
                      </package>
                    </keep>
                    <adjust>
                      <include />
                    </adjust>
                    <adjust>
                      <include />
                      <include />
                    </adjust>
                  </rename>
                </yguard>
              </target>
            </configuration>
          </execution>
        </executions>
      </plugin>
    </plugins>
  </build>
  <properties>
    <finalname>AutoFix</finalname>
  </properties>
</project>

